{"_runtime":429.423828926,"train/reconstruction_loss":0.07800959050655365,"_wandb":{"runtime":429},"train/kl_loss":0,"train/discriminator_factor":0,"lr":3.3333333333333333e-06,"lr/generator":3.3333333333333333e-06,"time/data_time":0.0018944740295410156,"train/gan_loss":0,"_step":100,"time/batch_time":0.261289119720459,"train/perceptual_loss":0.7164831161499023,"samples/sec/gpu":61.2348497982528,"train/d_weight":0.1,"_timestamp":1.7690014165590744e+09,"train/total_loss":0.7944927215576172,"train/weighted_gan_loss":0}